,Cav. Cap.,,,,
Date,Start Balance,Gain / Loss,End Balance ,Daily Gain / Loss,Monthly Gain / Loss
1/10/24,3'000'000.00,-0.05,2'999'999.95,-0.00%,
1/11/24,2'999'999.95,1.08,3'000'001.03,0.00%,
1/12/24,3'000'001.03,0.48,3'000'001.51,0.00%,
1/16/24,3'000'001.51,4'668.21,3'004'669.72,0.16%,
1/17/24,3'004'669.72,126.28,3'004'796.00,0.00%,
1/18/24,3'004'796.00,20'332.28,3'025'128.28,0.68%,
1/19/24,3'025'128.28,14'839.17,3'039'967.45,0.49%,
1/22/24,3'039'967.45,-4'779.52,3'035'187.93,-0.16%,
1/23/24,3'035'187.93,5'433.26,3'040'621.19,0.18%,
1/24/24,3'040'621.19,16'319.81,3'056'941.00,0.54%,
1/25/24,3'056'941.00,-20'000.04,3'036'940.96,-0.65%,
1/26/24,3'036'940.96,-342.99,3'036'597.97,-0.01%,
1/29/24,3'036'597.97,10'249.46,3'046'847.43,0.34%,
1/30/24,3'046'847.43,-4'482.45,3'042'364.98,-0.15%,
1/31/24,3'042'364.98,-18'732.69,3'023'632.29,-0.62%,
End of Jan. 2024,,,,,0.79%
2/1/24,3'023'632.29,6'365.51,3'029'997.80,0.21%,
2/2/24,3'029'997.80,46'212.49,3'076'210.29,1.53%,
2/3/24,3'076'210.29,16'169.02,3'092'379.31,0.53%,
2/6/24,3'092'379.31,-5'939.97,3'086'439.34,-0.19%,
2/7/24,3'086'439.34,25'063.59,3'111'502.93,0.81%,
2/8/24,3'111'502.93,12'678.45,3'124'181.38,0.41%,
2/9/24,3'124'181.38,11'702.74,3'135'884.12,0.37%,
2/12/24,3'135'884.12,-16'185.75,3'119'698.37,-0.52%,
2/13/24,3'119'698.37,-1'605.97,3'118'092.40,-0.05%,
2/14/24,3'118'092.40,11'361.36,3'129'453.76,0.36%,
2/15/24,3'129'453.76,-2'851.18,3'126'602.58,-0.09%,
2/16/24,3'126'602.58,-2'285.05,3'124'317.53,-0.07%,
2/19/24,3'124'317.53,0.00,3'124'317.53,0.00%,
2/20/24,3'124'317.53,-18'452.95,3'105'864.58,-0.59%,
2/21/24,3'105'864.58,-4'318.31,3'101'546.27,-0.14%,
2/22/24,3'101'546.27,43'701.50,3'145'247.77,1.41%,
2/23/24,3'145'247.77,-5'559.88,3'139'687.89,-0.18%,
2/26/24,3'139'687.89,2'278.00,3'141'965.89,0.07%,
2/27/24,3'141'965.89,-6'652.13,3'135'313.76,-0.21%,
2/28/24,3'135'313.76,-5'157.69,3'130'156.07,-0.16%,
2/29/24,3'130'156.07,7'136.93,3'137'293.00,0.23%,
End of Feb. 2024,,,,,3.76%
3/1/24,3'137'293.00,23'636.75,3'160'929.75,0.75%,
3/4/24,3'160'929.75,-3'827.62,3'157'102.13,-0.12%,
3/5/24,3'157'102.13,-19'676.60,3'137'425.53,-0.62%,
3/6/24,3'137'425.53,8'123.99,3'145'549.52,0.26%,
3/7/24,3'145'549.52,26'923.72,3'172'473.24,0.86%,
3/8/24,3'172'473.24,-27'052.24,3'145'421.00,-0.85%,
3/11/24,3'145'421.00,-26'822.94,3'118'598.06,-0.85%,
3/12/24,3'118'598.06,27'079.22,3'145'677.28,0.87%,
3/13/24,3'145'677.28,-11'226.97,3'134'450.31,-0.36%,
3/14/24,3'134'450.31,-2'035.21,3'132'415.10,-0.06%,
3/15/24,3'132'415.10,-11'007.23,3'121'407.87,-0.35%,
3/18/24,3'121'407.87,13'974.81,3'135'382.68,0.45%,
3/19/24,3'135'382.68,-1'523.07,3'133'859.61,-0.05%,
3/20/24,3'133'859.61,12'706.78,3'146'566.39,0.41%,
3/21/24,3'146'566.39,3'235.65,3'149'802.04,0.10%,
3/22/24,3'149'802.04,15'119.38,3'164'921.42,0.48%,
3/25/24,3'164'921.42,-532.63,3'164'388.79,-0.02%,
3/26/24,3'164'388.79,-7'015.49,3'157'373.30,-0.22%,
3/27/24,3'157'373.30,-16'368.49,3'141'004.81,-0.52%,
3/28/24,3'141'004.81,-4'971.90,3'136'032.91,-0.16%,
End of Mar. 2024,,,,,-0.04%
4/1/24,3'136'032.91,15'162.20,3'151'195.11,0.48%,
4/2/24,3'151'195.11,-1'845.06,3'149'350.05,-0.06%,
4/3/24,3'149'350.05,11'929.33,3'161'279.38,0.38%,
4/4/24,3'161'279.38,-8'071.96,3'153'207.42,-0.26%,
4/5/24,3'153'207.42,12'919.27,3'166'126.69,0.41%,
4/8/24,3'166'126.69,16.83,3'166'143.52,0.00%,
4/9/24,3'166'143.52,-2'988.86,3'163'154.66,-0.09%,
4/10/24,3'163'154.66,11'007.30,3'174'161.96,0.35%,
4/11/24,3'174'161.96,22'979.57,3'197'141.53,0.72%,
4/12/24,3'197'141.53,-12'011.03,3'185'130.50,-0.38%,
4/15/24,3'185'130.50,-19'452.68,3'165'677.82,-0.61%,
4/16/24,3'165'677.82,-61.96,3'165'615.86,-0.00%,
4/17/24,3'165'615.86,-10'644.31,3'154'971.55,-0.34%,
4/18/24,3'154'971.55,-13'668.60,3'141'302.95,-0.43%,
4/19/24,3'141'302.95,-44'109.28,3'097'193.67,-1.40%,
4/22/24,3'097'193.67,7'912.18,3'105'105.85,0.26%,
4/23/24,3'105'105.85,15'528.09,3'120'633.94,0.50%,
4/24/24,3'120'633.94,1'567.02,3'122'200.96,0.05%,
4/25/24,3'122'200.96,-1'523.26,3'120'677.70,-0.05%,
4/26/24,3'120'677.70,29'741.82,3'150'419.52,0.95%,
4/29/24,3'150'419.52,3'505.07,3'153'924.59,0.11%,
4/30/24,3'153'924.59,-4'036.10,3'149'888.49,-0.13%,
End of Apr. 2024,,,,,0.44%
5/1/24,3'149'888.49,-7'990.16,3'141'898.33,-0.25%,
5/2/24,3'141'898.33,3'953.85,3'145'852.18,0.13%,
5/3/24,3'145'852.18,15'265.92,3'161'118.10,0.49%,
5/4/24,3'161'118.10,21'494.09,3'182'612.19,0.68%,
5/7/24,3'182'612.19,-5'854.29,3'176'757.90,-0.18%,
5/8/24,3'176'757.90,3'416.08,3'180'173.98,0.11%,
5/9/24,3'180'173.98,-12'042.89,3'168'131.09,-0.38%,
5/10/24,3'168'131.09,7'771.29,3'175'902.38,0.25%,
5/13/24,3'175'902.38,-2'708.26,3'173'194.12,-0.09%,
5/14/24,3'173'194.12,16'827.90,3'190'022.02,0.53%,
5/15/24,3'190'022.02,16'241.47,3'206'263.49,0.51%,
5/16/24,3'206'263.49,-13'137.23,3'193'126.26,-0.41%,
5/17/24,3'193'126.26,-4'677.86,3'188'448.40,-0.15%,
5/20/24,3'188'448.40,9'379.88,3'197'828.28,0.29%,
5/21/24,3'197'828.28,8'011.93,3'205'840.21,0.25%,
5/22/24,3'205'840.21,425.13,3'206'265.34,0.01%,
5/23/24,3'206'265.34,18'426.95,3'224'692.29,0.57%,
5/24/24,3'224'692.29,15'465.15,3'240'157.44,0.48%,
5/28/24,3'240'157.44,15'777.66,3'255'935.10,0.49%,
5/29/24,3'255'935.10,-151.59,3'255'783.51,-0.00%,
5/30/24,3'255'783.51,-13'627.51,3'242'156.00,-0.42%,
5/31/24,3'242'156.00,-19'997.56,3'222'158.44,-0.62%,
End of May,,,,,2.29%
6/3/24,3'222'158.44,23'629.76,3'245'788.20,0.73%,
6/4/24,3'245'788.20,291.74,3'246'079.94,0.01%,
6/5/24,3'246'079.94,36'561.72,3'282'641.66,1.13%,
6/6/24,3'282'641.66,2'240.27,3'284'881.93,0.07%,
6/7/24,3'284'881.93,8'280.99,3'293'162.92,0.25%,
6/10/24,3'293'162.92,8'450.42,3'301'613.34,0.26%,
6/11/24,3'301'613.34,7'516.68,3'309'130.02,0.23%,
6/12/24,3'309'130.02,23'371.40,3'332'501.42,0.71%,
6/13/24,3'332'501.42,30'745.86,3'363'247.28,0.92%,
6/14/24,3'363'247.28,6'934.92,3'370'182.20,0.21%,
6/17/24,3'370'182.20,18'822.55,3'389'004.75,0.56%,
6/18/24,3'389'004.75,382.53,3'389'387.28,0.01%,
6/20/24,3'389'387.28,-21'865.71,3'367'521.57,-0.65%,
6/21/24,3'367'521.57,-15'472.00,3'352'049.57,-0.46%,
6/24/24,3'352'049.57,-32'572.55,3'319'477.02,-0.97%,
6/25/24,3'319'477.02,33'685.04,3'353'162.06,1.01%,
6/26/24,3'353'162.06,15'413.32,3'368'575.38,0.46%,
6/27/24,3'368'575.38,-3'347.37,3'365'228.01,-0.10%,
6/28/24,3'365'228.01,-960.57,3'364'267.44,-0.03%,
End of June,,,,,4.41%
7/1/24,3'000'000.00,15'292.77,3'015'292.77,0.51%,
7/2/24,3'015'292.77,9'895.69,3'025'188.46,0.33%,
7/3/24,3'025'188.46,24'558.50,3'049'746.96,0.81%,
7/5/24,3'049'746.96,9'961.92,3'059'708.88,0.33%,
7/8/24,3'059'708.88,5'784.94,3'065'493.82,0.19%,
7/9/24,3'065'493.82,6'905.75,3'072'399.57,0.23%,
7/10/24,3'072'399.57,11'181.14,3'083'580.71,0.36%,
7/11/24,3'083'580.71,-42'428.15,3'041'152.56,-1.38%,
7/12/24,3'041'152.56,2'590.47,3'043'743.03,0.09%,
7/15/24,3'043'743.03,5.64,3'043'748.67,0.00%,
7/16/24,3'043'748.67,-15'997.77,3'027'750.90,-0.53%,
7/17/24,3'027'750.90,-50'968.69,2'976'782.21,-1.68%,
7/18/24,2'976'782.21,6'257.49,2'983'039.70,0.21%,
7/19/24,2'983'039.70,-14'011.72,2'969'027.98,-0.47%,
7/22/24,2'969'027.98,19'362.09,2'988'390.07,0.65%,
7/23/24,2'988'390.07,5'750.50,2'994'140.57,0.19%,
7/24/24,2'994'140.57,-53'289.39,2'940'851.18,-1.78%,
7/25/24,2'940'851.18,-13'194.14,2'927'657.04,-0.45%,
7/26/24,2'927'657.04,-2'094.80,2'925'562.24,-0.07%,
7/29/24,2'925'562.24,1'561.49,2'927'123.73,0.05%,
7/30/24,2'927'123.73,-29'057.14,2'898'066.59,-0.99%,
7/31/24,2'898'066.59,49'973.14,2'948'039.73,1.72%,
End of July,,,,,-1.73%
8/1/24,2'948'039.73,-20'869.84,2'927'169.89,-0.71%,
8/2/24,2'927'169.89,-18'130.51,2'909'039.38,-0.62%,
8/5/24,2'909'039.38,-16'386.37,2'892'653.01,-0.56%,
8/6/24,2'892'653.01,16'670.63,2'909'323.64,0.58%,
8/7/24,2'909'323.64,-15'546.02,2'893'777.62,-0.53%,
8/8/24,2'893'777.62,32'134.65,2'925'912.27,1.11%,
8/9/24,2'925'912.27,13'811.82,2'939'724.09,0.47%,
8/12/24,2'939'724.09,6'239.16,2'945'963.25,0.21%,
8/13/24,2'945'963.25,24'894.32,2'970'857.57,0.85%,
8/14/24,2'970'857.57,-460.48,2'970'397.09,-0.02%,
8/15/24,2'970'397.09,18'558.71,2'988'955.80,0.62%,
8/16/24,2'988'955.80,-367.15,2'988'588.65,-0.01%,
8/19/24,2'988'588.65,9'186.91,2'997'775.56,0.31%,
8/20/24,2'997'775.56,-3'379.95,2'994'395.61,-0.11%,
8/21/24,2'994'395.61,-257.55,2'994'138.06,-0.01%,
8/22/24,2'994'138.06,-19'821.56,2'974'316.50,-0.66%,
8/23/24,2'974'316.50,13'135.12,2'987'451.62,0.44%,
8/26/24,2'987'451.62,-17'326.39,2'970'125.23,-0.58%,
8/27/24,2'970'125.23,4'228.63,2'974'353.86,0.14%,
8/28/24,2'974'353.86,-9'133.30,2'965'220.56,-0.31%,
8/29/24,2'965'220.56,-14'022.46,2'951'198.10,-0.47%,
8/30/24,2'951'198.10,14'918.55,2'966'116.65,0.51%,
End of Aug,,,,,0.61%
9/3/24,2'966'116.65,-32'276.47,2'933'840.18,-1.09%,
9/4/24,2'933'840.18,817.57,2'934'657.75,0.03%,
9/5/24,2'934'657.75,7'363.23,2'942'020.98,0.25%,
9/6/24,2'942'020.98,-35'543.64,2'906'477.34,-1.21%,
9/9/24,2'906'477.34,11'480.44,2'917'957.78,0.39%,
9/10/24,2'917'957.78,11'355.22,2'929'313.00,0.39%,
9/11/24,2'929'313.00,35'299.79,2'964'612.79,1.21%,
9/12/24,2'964'612.79,12'008.14,2'976'620.93,0.41%,
9/13/24,2'976'620.93,-3'028.33,2'973'592.60,-0.10%,
9/16/24,2'973'592.60,-14'822.54,2'958'770.06,-0.50%,
9/17/24,2'958'770.06,-3'008.28,2'955'761.78,-0.10%,
9/18/24,2'955'761.78,-1'044.93,2'954'716.85,-0.04%,
9/19/24,2'954'716.85,24'671.40,2'979'388.25,0.83%,
9/20/24,2'979'388.25,-1'056.99,2'978'331.26,-0.04%,
9/23/24,2'978'331.26,4'769.23,2'983'100.49,0.16%,
9/24/24,2'983'100.49,12'038.42,2'995'138.91,0.40%,
9/25/24,2'995'138.91,9'054.82,3'004'193.73,0.30%,
9/26/24,3'004'193.73,706.91,3'004'900.64,0.02%,
9/27/24,3'004'900.64,-16'731.11,2'988'169.53,-0.56%,
9/30/24,2'988'169.53,-3'500.51,2'984'669.02,-0.12%,
End of Sep,,,,,0.63%
10/1/24,2'984'669.02,-9'029.79,2'975'639.23,-0.30%,
10/2/24,2'975'639.23,5'205.46,2'980'844.69,0.17%,
10/3/24,2'980'844.69,11'242.52,2'992'087.21,0.38%,
10/4/24,2'992'087.21,12'515.24,3'004'602.45,0.42%,
10/7/24,3'004'602.45,1'294.38,3'005'896.83,0.04%,
10/8/24,3'005'896.83,17'059.74,3'022'956.57,0.57%,
10/9/24,3'022'956.57,-1'418.13,3'021'538.44,-0.05%,
10/10/24,3'021'538.44,1'400.37,3'022'938.81,0.05%,
10/11/24,3'022'938.81,-7'085.02,3'015'853.79,-0.23%,
10/14/24,3'015'853.79,1'782.69,3'017'636.48,0.06%,
10/15/24,3'017'636.48,-15'906.14,3'001'730.34,-0.53%,
10/16/24,3'001'730.34,3'609.96,3'005'340.30,0.12%,
10/17/24,3'005'340.30,27'116.07,3'032'456.37,0.90%,
10/18/24,3'032'456.37,-7'452.35,3'025'004.02,-0.25%,
10/21/24,3'025'004.02,12'969.09,3'037'973.11,0.43%,
10/22/24,3'037'973.11,-48.59,3'037'924.52,-0.00%,
10/23/24,3'037'924.52,-15'007.74,3'022'916.78,-0.49%,
10/24/24,3'022'916.78,11'349.34,3'034'266.12,0.38%,
10/25/24,3'034'266.12,18'334.04,3'052'600.16,0.60%,
10/28/24,3'052'600.16,-13'917.34,3'038'682.82,-0.46%,
10/29/24,3'038'682.82,16'149.98,3'054'832.80,0.53%,
10/30/24,3'054'832.80,-9'466.26,3'045'366.54,-0.31%,
10/31/24,3'045'366.54,-25'451.55,3'019'914.99,-0.84%,1.18%
End of Oct,,,,,
11/1/24,3'019'914.99,6'826.58,3'026'741.57,0.23%,
11/4/24,3'026'741.57,-9'799.64,3'016'941.93,-0.32%,
11/5/24,3'016'941.93,13'096.05,3'030'037.98,0.43%,
11/6/24,3'030'037.98,11'774.40,3'041'812.38,0.39%,
11/7/24,3'041'812.38,26'428.78,3'068'241.16,0.87%,
11/8/24,3'068'241.16,2'972.29,3'071'213.45,0.10%,
11/11/24,3'071'213.45,-8'484.93,3'062'728.52,-0.28%,
11/12/24,3'062'728.52,-1'696.03,3'061'032.49,-0.06%,
11/13/24,3'061'032.49,-12'087.50,3'048'944.99,-0.39%,
11/14/24,3'048'944.99,-5'659.15,3'043'285.84,-0.19%,
11/15/24,3'043'285.84,-19'674.84,3'023'611.00,-0.65%,
11/18/24,3'023'611.00,1'324.05,3'024'935.05,0.04%,
11/19/24,3'024'935.05,20'083.99,3'045'019.04,0.66%,
11/20/24,3'045'019.04,-7'228.63,3'037'790.41,-0.24%,
11/21/24,3'037'790.41,-12'164.69,3'025'625.72,-0.40%,
11/22/24,3'025'625.72,-12'078.29,3'013'547.43,-0.40%,
11/25/24,3'013'547.43,-16'789.16,2'996'758.27,-0.56%,
11/26/24,2'996'758.27,8'440.40,3'005'198.67,0.28%,
11/27/24,3'005'198.67,-10'244.96,2'994'953.71,-0.34%,
11/29/24,2'994'953.71,14'663.73,3'009'617.44,0.49%,-0.34%
End of Nov,,,,,
12/2/24,3'009'617.44,27'821.64,3'037'439.08,0.92%,
12/3/24,3'037'439.08,15'473.54,3'052'912.62,0.51%,
12/4/24,3'052'912.62,15'914.05,3'068'826.67,0.52%,
12/5/24,3'068'826.67,10'769.08,3'079'595.75,0.35%,
12/6/24,3'079'595.75,17'239.19,3'096'834.94,0.56%,
12/9/24,3'096'834.94,-11'136.22,3'085'698.72,-0.36%,
12/10/24,3'085'698.72,-5'704.41,3'079'994.31,-0.18%,
12/11/24,3'079'994.31,35'572.23,3'115'566.54,1.15%,
12/12/24,3'115'566.54,-10'632.70,3'104'933.84,-0.34%,
12/13/24,3'104'933.84,47'992.25,3'152'926.09,1.55%,
12/16/24,3'152'926.09,35'321.08,3'188'247.17,1.12%,
12/17/24,3'188'247.17,-1'749.97,3'186'497.20,-0.05%,
12/18/24,3'186'497.20,-29'201.82,3'157'295.38,-0.92%,
12/19/24,3'157'295.38,307.36,3'157'602.74,0.01%,
12/20/24,3'157'602.74,-2'458.88,3'155'143.86,-0.08%,
12/23/24,3'155'143.86,41'850.58,3'196'994.44,1.33%,
12/24/24,3'196'994.44,15'154.84,3'212'149.28,0.47%,
12/26/24,3'212'149.28,-4'905.71,3'207'243.57,-0.15%,
12/27/24,3'207'243.57,-16'853.82,3'190'389.75,-0.53%,
12/30/24,3'190'389.75,-7'569.61,3'182'820.14,-0.24%,
12/31/24,3'182'820.14,-18'802.45,3'164'017.69,-0.59%,5.13%
End of Dec.,,,,,
1/2/25,3'000'000.00,1'391.51,3'001'391.51,0.05%,
1/3/25,3'001'391.51,13'763.97,3'015'155.48,0.46%,
1/6/25,3'015'155.48,18'860.50,3'034'015.98,0.63%,
1/7/25,3'034'015.98,-19'629.76,3'014'386.22,-0.65%,
1/8/25,3'014'386.22,-2'343.83,3'012'042.39,-0.08%,
1/10/25,3'012'042.39,8'434.86,3'020'477.25,0.28%,
1/13/25,3'020'477.25,-12'910.73,3'007'566.52,-0.43%,
1/14/25,3'007'566.52,-20'382.30,2'987'184.22,-0.68%,
1/15/25,2'987'184.22,19'029.61,3'006'213.83,0.64%,
1/16/25,3'006'213.83,-6'675.51,2'999'538.32,-0.22%,
1/17/25,2'999'538.32,2'769.13,3'002'307.45,0.09%,
1/21/25,3'002'307.45,2'538.84,3'004'846.29,0.08%,
1/22/25,3'004'846.29,9'766.57,3'014'612.86,0.33%,
1/23/25,3'014'612.86,-1'848.49,3'012'764.37,-0.06%,
1/24/25,3'012'764.37,6'704.45,3'019'468.82,0.22%,
1/27/25,3'019'468.82,-43'848.61,2'975'620.21,-1.45%,
1/28/25,2'975'620.21,23'638.05,2'999'258.26,0.79%,
1/29/25,2'999'258.26,-4'000.87,2'995'257.39,-0.13%,
1/30/25,2'995'257.39,8'087.23,3'003'344.62,0.27%,
1/31/25,3'003'344.62,8'080.64,3'011'425.26,0.27%,0.38%
End of Jan. ,,,,,
2/3/25,3'011'425.26,-15'174.79,2'996'250.47,-0.50%,
2/4/25,2'996'250.47,18'262.76,3'014'513.23,0.61%,
2/5/25,3'014'513.23,-2'226.41,3'012'286.82,-0.07%,
2/6/25,3'012'286.82,10'093.36,3'022'380.18,0.34%,
2/7/25,3'022'380.18,-13'805.00,3'008'575.18,-0.46%,
2/10/25,3'008'575.18,2'478.43,3'011'053.61,0.08%,
2/11/25,3'011'053.61,-7'546.15,3'003'507.46,-0.25%,
2/12/25,3'003'507.46,6'872.72,3'010'380.18,0.23%,
2/13/25,3'010'380.18,3'684.16,3'014'064.34,0.12%,
2/14/25,3'014'064.34,-2'276.10,3'011'788.24,-0.08%,
2/18/25,3'011'788.24,-11'336.85,3'000'451.39,-0.38%,
2/19/25,3'000'451.39,-145.96,3'000'305.43,-0.00%,
2/20/25,3'000'305.43,-10'815.61,2'989'489.82,-0.36%,
2/21/25,2'989'489.82,-10'716.83,2'978'772.99,-0.36%,
2/24/25,2'978'772.99,-12'040.56,2'966'732.43,-0.40%,
2/25/25,2'966'732.43,-7'735.77,2'958'996.66,-0.26%,
2/26/25,2'958'996.66,7'701.08,2'966'697.74,0.26%,
2/27/25,2'966'697.74,-22'957.90,2'943'739.84,-0.77%,
2/28/25,2'943'739.84,6'933.70,2'950'673.54,0.24%,-2.02%
End of Feb. ,,,,,
3/3/25,2'950'673.54,-18'343.25,2'932'330.29,-0.62%,
3/4/25,2'932'330.29,4'633.79,2'936'964.08,0.16%,
3/5/25,2'936'964.08,11'978.64,2'948'942.72,0.41%,
3/6/25,2'948'942.72,-19'370.59,2'929'572.13,-0.66%,
3/7/25,2'929'572.13,-7'720.40,2'921'851.73,-0.26%,
3/10/25,2'921'851.73,-33'275.91,2'888'575.82,-1.14%,
3/11/25,2'888'575.82,15'070.84,2'903'646.66,0.52%,
3/12/25,2'903'646.66,15'158.63,2'918'805.29,0.52%,
3/13/25,2'918'805.29,-12'023.22,2'906'782.07,-0.41%,
3/14/25,2'906'782.07,7'676.00,2'914'458.07,0.26%,
3/17/25,2'914'458.07,-9'891.13,2'904'566.94,-0.34%,
3/18/25,2'904'566.94,-15'480.24,2'889'086.70,-0.53%,
3/19/25,2'889'086.70,8'119.13,2'897'205.83,0.28%,
3/20/25,2'897'205.83,3'418.39,2'900'624.22,0.12%,
3/21/25,2'900'624.22,8'151.49,2'908'775.71,0.28%,
3/24/25,2'908'775.71,16'298.53,2'925'074.24,0.56%,
3/25/25,2'925'074.24,-416.80,2'924'657.44,-0.01%,
3/26/25,2'924'657.44,-23'160.66,2'901'496.78,-0.79%,
3/27/25,2'901'496.78,-4'015.90,2'897'480.88,-0.14%,
3/28/25,2'897'480.88,-9'933.76,2'887'547.12,-0.34%,
3/31/25,2'887'547.12,-4'656.48,2'882'890.64,-0.16%,-2.30%
End Mar,,,,,
4/1/25,2'882'890.64,8'573.60,2'891'464.24,0.30%,
4/2/25,2'891'464.24,7'991.63,2'899'455.87,0.28%,
4/3/25,2'899'455.87,-24'863.16,2'874'592.71,-0.86%,
4/4/25,2'874'592.71,-10'506.86,2'864'085.85,-0.37%,
4/7/25,2'864'085.85,9'541.11,2'873'626.96,0.33%,
4/8/25,2'873'626.96,-3'986.85,2'869'640.11,-0.14%,
4/9/25,2'869'640.11,50'177.88,2'919'817.99,1.75%,
4/10/25,2'919'817.99,-16'933.92,2'902'884.07,-0.58%,
4/11/25,2'902'884.07,11'107.70,2'913'991.77,0.38%,
4/14/25,2'913'991.77,-7'911.57,2'906'080.20,-0.27%,
4/15/25,2'906'080.20,-889.83,2'905'190.37,-0.03%,
4/16/25,2'905'190.37,-21'906.44,2'883'283.93,-0.75%,
4/17/25,2'883'283.93,13'214.57,2'896'498.50,0.46%,
4/21/25,2'896'498.50,-9'134.16,2'887'364.34,-0.32%,
4/22/25,2'887'364.34,5'862.61,2'893'226.95,0.20%,
4/23/25,2'893'226.95,16'903.20,2'910'130.15,0.58%,
4/24/25,2'910'130.15,15'855.12,2'925'985.27,0.54%,
4/25/25,2'925'985.27,18'763.90,2'944'749.17,0.64%,
4/28/25,2'944'749.17,-5'939.25,2'938'809.92,-0.20%,
4/29/25,2'938'809.92,522.28,2'939'332.20,0.02%,
4/30/25,2'939'332.20,-784.03,2'938'548.17,-0.03%,1.93%
End Apr,,,,,
5/1/25,2'938'548.17,1'577.22,2'940'125.39,0.05%,
5/2/25,2'940'125.39,11'705.73,2'951'831.12,0.40%,
5/5/25,2'951'831.12,-12'677.42,2'939'153.70,-0.43%,
5/6/25,2'939'153.70,-9'078.74,2'930'074.96,-0.31%,
5/7/25,2'930'074.96,-373.99,2'929'700.97,-0.01%,
5/8/25,2'929'700.97,-4'764.05,2'924'936.92,-0.16%,
5/9/25,2'924'936.92,1'589.24,2'926'526.16,0.05%,
5/12/25,2'926'526.16,23'863.33,2'950'389.49,0.82%,
5/13/25,2'950'389.49,18'303.03,2'968'692.52,0.62%,
5/14/25,2'968'692.52,7'235.02,2'975'927.54,0.24%,
5/15/25,2'975'927.54,-13'405.14,2'962'522.40,-0.45%,
5/16/25,2'962'522.40,2'514.93,2'965'037.33,0.08%,
5/19/25,2'965'037.33,-3'588.81,2'961'448.52,-0.12%,
5/20/25,2'961'448.52,-3'471.28,2'957'977.24,-0.12%,
5/21/25,2'957'977.24,4'910.19,2'962'887.43,0.17%,
5/22/25,2'962'887.43,5'995.30,2'968'882.73,0.20%,
5/23/25,2'968'882.73,6'834.44,2'975'717.17,0.23%,
5/27/25,2'975'717.17,14'399.35,2'990'116.52,0.48%,
5/28/25,2'990'116.52,934.07,2'991'050.59,0.03%,
5/29/25,2'991'050.59,3'982.64,2'995'033.23,0.13%,
5/30/25,2'995'033.23,-3'655.58,2'991'377.65,-0.12%,1.80%
End May,,,,,
6/2/25,2'991'377.65,6'561.24,2'997'938.89,0.22%,
6/3/25,2'997'938.89,402.66,2'998'341.55,0.01%,
6/4/25,2'998'341.55,10'277.17,3'008'618.72,0.34%,
6/5/25,3'008'618.72,-14'326.80,2'994'291.92,-0.48%,
6/6/25,2'994'291.92,-366.36,2'993'925.56,-0.01%,
6/9/25,2'993'925.56,6'647.48,3'000'573.04,0.22%,
6/10/25,3'000'573.04,12'692.91,3'013'265.95,0.42%,
6/11/25,3'013'265.95,-1'375.73,3'011'890.22,-0.05%,
6/12/25,3'011'890.22,1'983.75,3'013'873.97,0.07%,
6/13/25,3'013'873.97,368.19,3'014'242.16,0.01%,
6/16/25,3'014'242.16,5'307.25,3'019'549.41,0.18%,
6/17/25,3'019'549.41,-5'306.02,3'014'243.39,-0.18%,
6/18/25,3'014'243.39,2'597.65,3'016'841.04,0.09%,
6/20/25,3'016'841.04,-12'083.99,3'004'757.05,-0.40%,
6/23/25,3'004'757.05,7'797.86,3'012'554.91,0.26%,
6/24/25,3'012'554.91,9'399.08,3'021'953.99,0.31%,
6/25/25,3'021'953.99,5'993.56,3'027'947.55,0.20%,
6/26/25,3'027'947.55,2'101.79,3'030'049.34,0.07%,
6/27/25,3'030'049.34,5'031.15,3'035'080.49,0.17%,
6/30/25,3'035'080.49,-995.16,3'034'085.33,-0.03%,1.43%
End of Month,,,,,
7/1/25,3'034'085.33,-20'458.75,3'013'626.58,-0.67%,
7/2/25,3'013'626.58,11'286.03,3'024'912.61,0.37%,
7/3/25,3'024'912.61,3'569.61,3'028'482.22,0.12%,
7/7/25,3'028'482.22,-7'602.32,3'020'879.90,-0.25%,
7/8/25,3'020'879.90,-5'132.29,3'015'747.61,-0.17%,
7/9/25,3'015'747.61,11'118.50,3'026'866.11,0.37%,
7/10/25,3'026'866.11,-4'443.04,3'022'423.07,-0.15%,
7/11/25,3'022'423.07,7'281.02,3'029'704.09,0.24%,
7/14/25,3'029'704.09,1'050.21,3'030'754.30,0.03%,
7/15/25,3'030'754.30,11'760.36,3'042'514.66,0.39%,
7/16/25,3'042'514.66,676.31,3'043'190.97,0.02%,
7/17/25,3'043'190.97,-1'023.42,3'042'167.55,-0.03%,
7/18/25,3'042'167.55,3'191.85,3'045'359.40,0.10%,
7/21/25,3'045'359.40,5'532.97,3'050'892.37,0.18%,
7/22/25,3'050'892.37,-10'439.19,3'040'453.18,-0.34%,
7/23/25,3'040'453.18,5'581.14,3'046'034.32,0.18%,
7/24/25,3'046'034.32,4'291.53,3'050'325.85,0.14%,
7/25/25,3'050'325.85,5'565.09,3'055'890.94,0.18%,
7/28/25,3'055'890.94,7'177.52,3'063'068.46,0.23%,
7/29/25,3'063'068.46,-11'156.13,3'051'912.33,-0.36%,
7/30/25,3'051'912.33,5'117.98,3'057'030.31,0.17%,
7/31/25,3'057'030.31,13'292.84,3'070'323.15,0.43%,1.19%
End of Month,,,,,
8/1/25,3'070'323.15,-9'836.54,3'060'486.61,-0.32%,
8/4/25,3'060'486.61,6'188.40,3'066'675.01,0.20%,
8/5/25,3'066'675.01,-6'472.95,3'060'202.06,-0.21%,
8/6/25,3'060'202.06,15'684.81,3'075'886.87,0.51%,
8/7/25,3'075'886.87,-8'861.92,3'067'024.95,-0.29%,
8/8/25,3'067'024.95,3'304.70,3'070'329.65,0.11%,
8/11/25,3'070'329.65,3'610.52,3'073'940.17,0.12%,
8/12/25,3'073'940.17,6'045.10,3'079'985.27,0.20%,
8/13/25,3'079'985.27,-11'683.58,3'068'301.69,-0.38%,
8/14/25,3'068'301.69,10'305.57,3'078'607.26,0.34%,
8/15/25,3'078'607.26,-3'202.04,3'075'405.22,-0.10%,
8/18/25,3'075'405.22,383.59,3'075'788.81,0.01%,
8/19/25,3'075'788.81,-18'610.27,3'057'178.54,-0.61%,
8/20/25,3'057'178.54,-8'724.42,3'048'454.12,-0.29%,
8/21/25,3'048'454.12,-7'927.83,3'040'526.29,-0.26%,
8/22/25,3'040'526.29,7'552.54,3'048'078.83,0.25%,
8/25/25,3'048'078.83,6'809.58,3'054'888.41,0.22%,
8/26/25,3'054'888.41,11'453.82,3'066'342.23,0.37%,
8/27/25,3'066'342.23,-684.33,3'065'657.90,-0.02%,
8/28/25,3'065'657.90,4'690.99,3'070'348.89,0.15%,
8/29/25,3'070'348.89,-15'571.15,3'054'777.74,-0.51%,-0.51%
End of Month,,,,,
9/2/25,5'134'777.74,5'543.99,5'140'321.73,0.11%,
9/3/25,5'140'321.73,34'773.20,5'175'094.93,0.68%,
9/4/25,5'175'094.93,18'709.60,5'193'804.53,0.36%,
9/5/25,5'193'804.53,26'993.74,5'220'798.27,0.52%,
9/8/25,5'220'798.27,14'221.12,5'235'019.39,0.27%,
9/9/25,5'235'019.39,8'035.40,5'243'054.79,0.15%,
9/10/25,5'243'054.79,19'215.06,5'262'269.85,0.37%,
9/11/25,5'262'269.85,-4'520.31,5'257'749.54,-0.09%,
9/12/25,5'257'749.54,27'984.95,5'285'734.49,0.53%,
9/15/25,5'285'734.49,23'592.03,5'309'326.52,0.45%,
9/16/25,5'309'326.52,12'708.12,5'322'034.64,0.24%,
9/17/25,5'322'034.64,-16'358.48,5'305'676.16,-0.31%,
9/18/25,5'305'676.16,-1'658.98,5'304'017.18,-0.03%,
9/19/25,5'304'017.18,-300.91,5'303'716.27,-0.01%,
9/22/25,5'303'716.27,6'198.81,5'309'915.08,0.12%,
9/23/25,5'309'915.08,-7'839.83,5'302'075.25,-0.15%,
9/24/25,5'302'075.25,9'626.15,5'311'701.40,0.18%,
9/25/25,5'311'701.40,-20'188.21,5'291'513.19,-0.38%,
9/26/25,5'291'513.19,-949.06,5'290'564.13,-0.02%,
9/29/25,5'290'564.13,1'532.94,5'292'097.07,0.03%,
9/30/25,5'292'097.07,15'399.05,5'307'496.12,0.29%,3.36%
End of Month,,,,,
